,email,password,nama
0,moodyryan@example.com,#!5iGCYjr),Norma Fisher
1,crawfordmichelle@example.com,)u4&qKafbM,Jorge Sullivan
2,christian11@example.com,4_NP0sve_f,Elizabeth Woods
3,reedgregory@example.org,9mC7d67c^+,Susan Wagner
4,chad23@example.org,9sFw2kXu_e,Peter Montgomery
5,donnadennis@example.org,(jQWUkFEo1,Theodore Mcgrath
6,carterhannah@example.net,%BG$0NEu^$,Stephanie Collins
7,michelelopez@example.org,A2GE)D1o&@,Stephanie Sutton
8,qcooper@example.org,(7Z*6ZzM#t,Brian Hamilton
9,levymichael@example.com,#j+8Wve@wY,Susan Levy
