,idLog,idAdmin,harga,tanggalBerlaku
0,1,michelelopez@example.org,92407,1993-09-21 14:09:28
1,2,moodyryan@example.com,22526,1988-07-29 05:08:47
2,3,qcooper@example.org,47832,1978-04-09 08:18:52
3,4,reedgregory@example.org,33665,2020-03-20 04:43:38
4,5,christian11@example.com,30007,2006-12-23 14:15:57
5,6,chad23@example.org,20044,1986-08-27 07:31:31
6,7,christian11@example.com,73309,1996-05-22 22:44:58
7,8,chad23@example.org,72325,2018-05-10 07:44:49
8,9,moodyryan@example.com,24756,1984-09-20 17:08:34
9,10,reedgregory@example.org,95603,2019-11-24 11:32:39
10,11,carterhannah@example.net,93435,2008-01-06 04:13:07
11,12,christian11@example.com,32896,1984-05-21 14:35:33
12,13,qcooper@example.org,17884,2015-05-24 03:49:38
13,14,levymichael@example.com,90287,2019-12-22 14:43:41
14,15,christian11@example.com,98646,1989-02-24 06:09:04
15,16,reedgregory@example.org,69683,1985-08-25 07:17:01
16,17,chad23@example.org,93916,1993-01-12 23:52:42
17,18,moodyryan@example.com,95626,2019-10-11 11:49:32
18,19,michelelopez@example.org,27186,1978-05-21 19:10:12
19,20,moodyryan@example.com,55007,1990-12-02 07:51:42
20,21,christian11@example.com,50940,1983-03-28 00:43:15
21,22,qcooper@example.org,51843,2005-10-23 04:46:50
22,23,reedgregory@example.org,51437,1970-08-29 04:50:29
23,24,qcooper@example.org,69961,2014-06-21 13:05:39
24,25,michelelopez@example.org,14505,1985-10-01 05:02:25
25,26,christian11@example.com,12267,1974-05-09 09:39:46
26,27,qcooper@example.org,2527,1986-03-24 11:41:47
27,28,crawfordmichelle@example.com,2382,2011-02-10 21:02:53
28,29,reedgregory@example.org,98739,1981-06-18 03:31:14
29,30,carterhannah@example.net,60032,1979-08-12 12:40:54
30,31,chad23@example.org,55060,1991-07-01 00:19:20
31,32,donnadennis@example.org,87748,1984-02-12 08:54:11
32,33,carterhannah@example.net,34849,1977-05-21 05:55:49
33,34,crawfordmichelle@example.com,100883,2006-05-11 06:42:01
34,35,christian11@example.com,77812,1985-07-06 07:49:30
35,36,reedgregory@example.org,98094,1998-01-03 10:48:00
36,37,reedgregory@example.org,6943,1994-06-09 22:50:30
37,38,moodyryan@example.com,68013,1980-07-22 18:49:34
38,39,crawfordmichelle@example.com,91848,2015-04-20 03:30:19
39,40,michelelopez@example.org,33635,2016-10-23 00:45:28
40,41,michelelopez@example.org,94079,1991-09-18 05:29:48
41,42,christian11@example.com,79619,2013-05-05 10:20:10
42,43,qcooper@example.org,38900,2017-04-23 07:07:34
43,44,moodyryan@example.com,79428,1983-05-19 16:22:54
44,45,christian11@example.com,47032,1983-02-26 13:57:12
45,46,donnadennis@example.org,49106,2018-10-26 00:14:50
46,47,chad23@example.org,66765,1992-08-21 15:35:54
47,48,chad23@example.org,18513,2016-08-08 07:23:39
48,49,moodyryan@example.com,63842,2018-05-21 22:47:11
49,50,reedgregory@example.org,80765,1997-06-29 17:01:30
50,51,carterhannah@example.net,45482,1985-09-03 20:59:10
51,52,michelelopez@example.org,40507,1988-08-17 10:21:45
52,53,michelelopez@example.org,19261,2015-06-28 14:52:51
53,54,michelelopez@example.org,39784,1972-10-17 10:08:50
54,55,donnadennis@example.org,46744,1985-08-10 16:13:10
55,56,levymichael@example.com,50899,2012-11-30 15:04:27
56,57,carterhannah@example.net,76858,1986-02-12 09:34:52
57,58,carterhannah@example.net,92165,2007-11-28 09:17:12
58,59,qcooper@example.org,40046,1991-04-28 07:08:47
59,60,levymichael@example.com,31833,1995-03-13 06:42:00
60,61,reedgregory@example.org,57534,1999-05-29 18:24:38
61,62,reedgregory@example.org,35754,1970-03-08 17:18:53
62,63,qcooper@example.org,22942,1979-05-10 00:36:50
63,64,qcooper@example.org,19384,2015-07-04 22:27:27
64,65,levymichael@example.com,68814,2008-04-12 00:20:26
65,66,qcooper@example.org,67363,1996-12-21 04:56:34
66,67,michelelopez@example.org,45789,1991-05-14 08:09:35
67,68,chad23@example.org,57809,1976-08-21 20:42:46
68,69,chad23@example.org,60796,1973-06-22 09:39:46
69,70,qcooper@example.org,7836,1972-12-27 01:47:49
70,71,reedgregory@example.org,34684,1974-03-30 15:28:04
71,72,michelelopez@example.org,91619,2001-11-22 14:33:00
72,73,crawfordmichelle@example.com,3395,1988-07-16 04:58:12
73,74,reedgregory@example.org,79274,1996-05-25 22:11:43
74,75,crawfordmichelle@example.com,34600,2021-12-05 13:05:39
75,76,moodyryan@example.com,29387,2017-06-16 02:23:30
76,77,christian11@example.com,82022,2008-02-18 01:32:32
77,78,christian11@example.com,87676,1981-04-06 01:42:51
78,79,donnadennis@example.org,80874,2009-06-15 20:10:47
79,80,chad23@example.org,2181,2009-09-23 09:57:31
80,81,moodyryan@example.com,3706,2008-01-29 05:46:04
81,82,levymichael@example.com,22951,1981-09-02 04:00:29
82,83,chad23@example.org,31950,2012-10-15 00:59:17
83,84,carterhannah@example.net,66510,2010-09-30 14:05:12
84,85,donnadennis@example.org,47493,2004-08-22 15:38:22
85,86,crawfordmichelle@example.com,77293,2012-12-17 09:47:23
86,87,carterhannah@example.net,16117,2003-03-26 15:44:31
87,88,moodyryan@example.com,23569,2008-12-29 15:01:02
88,89,moodyryan@example.com,78840,2019-09-13 04:52:04
89,90,qcooper@example.org,36722,1984-09-18 07:27:28
90,91,donnadennis@example.org,97779,2014-12-24 06:13:38
91,92,reedgregory@example.org,51325,1978-12-08 04:17:50
92,93,reedgregory@example.org,42847,2006-02-26 22:51:56
93,94,christian11@example.com,24437,1999-09-20 11:26:14
94,95,michelelopez@example.org,87257,1993-07-06 19:16:25
95,96,christian11@example.com,81181,2016-03-14 01:05:47
96,97,levymichael@example.com,67274,2015-02-19 01:44:33
97,98,carterhannah@example.net,77913,1990-06-08 11:39:09
98,99,reedgregory@example.org,1360,2005-08-31 20:39:41
99,100,moodyryan@example.com,58165,2015-05-04 23:12:53
100,101,levymichael@example.com,5109,2001-08-12 18:50:21
101,102,christian11@example.com,66858,2007-04-22 19:38:33
102,103,crawfordmichelle@example.com,55961,1991-11-29 01:36:49
103,104,chad23@example.org,44482,2007-04-17 01:42:14
104,105,levymichael@example.com,25781,1997-01-26 22:49:35
105,106,moodyryan@example.com,45450,2001-04-02 00:20:05
106,107,christian11@example.com,42434,1989-04-20 18:15:17
107,108,chad23@example.org,64707,1977-01-27 10:14:17
108,109,michelelopez@example.org,80818,1972-09-02 14:20:52
109,110,donnadennis@example.org,36333,2017-02-10 06:10:01
110,111,crawfordmichelle@example.com,61117,1971-08-25 21:09:58
111,112,christian11@example.com,15113,2012-07-30 19:31:41
112,113,qcooper@example.org,34940,2011-10-04 18:24:48
113,114,qcooper@example.org,94693,1992-07-19 16:18:06
114,115,carterhannah@example.net,80692,1973-12-22 20:26:11
115,116,michelelopez@example.org,56217,1994-03-02 09:27:29
116,117,christian11@example.com,80623,1992-08-01 04:12:46
117,118,carterhannah@example.net,17567,1976-09-21 14:03:50
118,119,crawfordmichelle@example.com,77614,1990-05-11 03:00:49
119,120,crawfordmichelle@example.com,25382,2019-10-19 02:50:04
120,121,michelelopez@example.org,39562,2000-04-19 05:50:27
121,122,crawfordmichelle@example.com,90728,1988-03-26 23:19:24
122,123,carterhannah@example.net,35370,1985-07-10 09:24:04
123,124,chad23@example.org,15501,1992-09-09 12:03:18
124,125,donnadennis@example.org,67725,2022-03-15 02:13:49
125,126,qcooper@example.org,10795,2013-06-19 14:28:18
126,127,moodyryan@example.com,6360,1991-10-25 16:39:27
127,128,levymichael@example.com,2943,1983-07-15 23:07:10
128,129,christian11@example.com,17104,1974-01-08 14:30:57
129,130,carterhannah@example.net,51470,1987-05-16 14:58:46
130,131,michelelopez@example.org,4545,1979-07-19 17:17:05
131,132,donnadennis@example.org,83826,2007-05-29 08:05:46
132,133,christian11@example.com,12151,2003-04-05 05:53:49
133,134,carterhannah@example.net,85397,2008-02-03 01:32:35
134,135,levymichael@example.com,99239,1977-05-31 00:01:52
135,136,reedgregory@example.org,7384,1974-09-13 19:15:53
136,137,reedgregory@example.org,55056,2012-08-03 14:46:29
137,138,moodyryan@example.com,7182,2000-06-11 23:46:39
138,139,levymichael@example.com,53349,1987-11-07 17:17:00
139,140,christian11@example.com,74435,2008-07-06 19:37:52
140,141,chad23@example.org,54306,1994-03-29 01:02:53
141,142,carterhannah@example.net,72610,2004-01-25 00:17:12
142,143,moodyryan@example.com,98346,1995-07-20 22:52:35
143,144,michelelopez@example.org,72093,1994-04-20 06:07:34
144,145,christian11@example.com,74474,2013-10-09 01:10:26
145,146,christian11@example.com,85442,1988-03-23 18:39:55
146,147,reedgregory@example.org,78142,1990-07-25 08:04:02
147,148,christian11@example.com,12702,2016-06-11 09:12:12
148,149,levymichael@example.com,62551,1998-11-15 15:06:38
149,150,chad23@example.org,36110,2016-01-16 10:12:50
150,151,chad23@example.org,28739,1993-02-28 02:20:22
151,152,carterhannah@example.net,90737,1975-06-25 04:43:00
152,153,moodyryan@example.com,84408,1977-08-12 19:59:28
153,154,moodyryan@example.com,69612,1986-05-30 00:13:26
154,155,crawfordmichelle@example.com,2344,1983-07-26 22:21:51
155,156,chad23@example.org,21251,2018-07-30 11:21:18
156,157,christian11@example.com,100838,1996-07-07 09:39:24
157,158,qcooper@example.org,18640,1982-03-07 07:53:16
158,159,crawfordmichelle@example.com,44544,2018-12-28 12:14:37
159,160,moodyryan@example.com,98038,2021-02-04 11:57:51
160,161,donnadennis@example.org,20052,1970-05-22 21:05:16
161,162,donnadennis@example.org,76806,2008-05-25 20:55:45
162,163,crawfordmichelle@example.com,12290,2022-06-27 00:04:02
163,164,donnadennis@example.org,28145,1971-03-01 14:25:34
164,165,chad23@example.org,60121,2011-05-16 07:21:20
165,166,donnadennis@example.org,90429,1987-11-22 02:13:59
166,167,michelelopez@example.org,62672,1998-04-10 06:38:44
167,168,qcooper@example.org,70002,2014-11-15 05:06:57
168,169,crawfordmichelle@example.com,11599,2001-11-29 00:58:59
169,170,donnadennis@example.org,58508,1985-08-28 03:24:23
170,171,carterhannah@example.net,53861,1995-10-25 05:51:02
171,172,qcooper@example.org,63919,1970-09-20 15:04:16
172,173,qcooper@example.org,56819,1987-12-08 23:59:11
173,174,qcooper@example.org,10702,1996-01-12 02:57:51
174,175,reedgregory@example.org,19838,2008-12-04 11:12:43
175,176,carterhannah@example.net,68035,1985-08-06 11:13:05
176,177,donnadennis@example.org,20423,1998-01-13 19:05:57
177,178,crawfordmichelle@example.com,19766,2023-03-20 12:55:51
178,179,christian11@example.com,5514,2005-05-04 10:57:38
179,180,carterhannah@example.net,85480,1975-08-09 04:15:56
180,181,levymichael@example.com,16188,1974-01-18 16:42:01
181,182,crawfordmichelle@example.com,69728,2001-06-06 00:24:22
182,183,chad23@example.org,75093,2021-09-15 17:07:56
183,184,chad23@example.org,47167,1984-09-27 05:56:01
184,185,michelelopez@example.org,53707,2009-08-10 00:49:39
185,186,levymichael@example.com,42835,2012-01-03 11:04:32
186,187,levymichael@example.com,62177,1985-07-23 19:08:07
187,188,qcooper@example.org,46248,2018-07-23 15:20:42
188,189,reedgregory@example.org,66821,1975-07-27 20:28:58
189,190,moodyryan@example.com,96053,2022-12-03 14:17:00
190,191,carterhannah@example.net,48970,1981-10-03 03:27:15
191,192,donnadennis@example.org,68151,1988-08-28 11:56:32
192,193,moodyryan@example.com,33737,1975-01-16 05:09:01
193,194,levymichael@example.com,11085,2008-08-20 10:54:51
194,195,michelelopez@example.org,15542,1977-11-10 04:16:38
195,196,donnadennis@example.org,58043,1989-12-01 16:09:11
196,197,levymichael@example.com,32967,1974-07-08 20:00:21
197,198,qcooper@example.org,4183,1999-08-09 23:04:37
198,199,qcooper@example.org,67559,2011-10-16 22:09:51
199,200,crawfordmichelle@example.com,6276,1978-11-01 03:16:53
