,email,password,nama,alamat,tipeMember,noTelp,tipe
0,kenneth85@example.org,^qHq_l!u2G,Sean Green,"337 Collins Turnpike
Jillside, MD 86287",free,001-484-695-7400x7210,
1,garciabeverly@example.org,uU0BkyIU!e,Kimberly Smith,"803 Joyce Fort Apt. 210
New Marychester, NH 85752",free,431.833.8464,
2,ihurst@example.org,IexJCM4H(6,Jennifer Summers,"985 David Hills
Emilyhaven, WV 07092",premium,799.633.0352x430,
3,william32@example.com,^85#BlAtq$,April Snyder,"4841 Berry Glens
Shannonville, PW 77461",free,+1-668-532-4120,
4,robert02@example.net,7IVFfPvD)i,Dana Nguyen,"165 Lisa Ville Suite 918
New Emily, AL 02898",free,021-811-0126x94071,
5,longjacqueline@example.org,#$S#IFKj(9,Cheryl Bradley,"80734 Mueller Greens Apt. 697
Parkertown, WV 76028",free,998.803.2097,
6,aevans@example.net,S@031YnErg,Walter Pratt,"51267 Cervantes Harbors Apt. 287
Greenville, CO 90556",free,499-289-6512x182,
7,brittanyevans@example.com,xR_F5TUq#G,Bobby Flores,"Unit 8045 Box 5506
DPO AP 45224",free,209.043.1447x7349,
8,wrightcynthia@example.net,_1YyV*jd&e,Tasha Rodriguez,"0884 Middleton Trace Suite 150
Guerraburgh, MI 81179",free,+1-674-739-8616,
9,bennettalan@example.net,#6CzBcFd#m,Michelle Kelley,"0723 Levy Crescent Apt. 676
West Anthonytown, NH 33274",premium,(315)930-8106x5335,
10,scott54@example.com,(rQX3eAu)2,Kimberly Maynard,"1680 Garcia Centers
West Rodneyshire, LA 09444",premium,(107)644-6946x92201,
11,clementslaura@example.com,5q9XMkSH7@,Laurie Wallace,"5308 Scott Station Apt. 650
Lake Joanne, OH 32464",free,(059)587-6360,
12,granthaley@example.net,#TC&Nm9Ec7,Janice Johnston,"39787 White Greens Apt. 054
Conniebury, MO 01218",premium,(867)996-9499x124,
13,lhebert@example.com,$hO0BTqm*!,Collin Lopez,"95920 Laura Estates
North Donald, OH 24969",premium,(898)642-9146,
14,dthompson@example.com,&AJg5Qk92*,Mary Alvarez,"4590 Brianna Branch
Kimberlystad, MA 11809",free,690-738-4309x8416,
15,michaelwelch@example.org,P#1FMJEliz,Peter Mcdowell,"Unit 5516 Box 3594
DPO AE 28393",premium,001-565-963-5001x9861,
16,sfischer@example.org,uD43XMfv^n,Sarah Villanueva,"281 Perkins Points
New Gabrielview, NH 34877",free,(535)555-2551x45442,
17,amontgomery@example.org,c*3K4qyU#&,Kimberly Myers,"5152 Foley Fall Suite 715
Josephstad, GU 19958",premium,(963)913-4724x24003,
18,danny48@example.net,whR)mWA&#5,Desiree Cain,"29796 Kathy Lakes
North Scott, PW 74898",premium,(517)042-7335x114,
19,rogerpotter@example.org,uG2KGHXhV(,Stephanie Lawrence,"64936 Monica Ridges
South Christina, NM 65211",free,746.598.2112x6418,
20,owolf@example.net,e1IXaGUd(P,Lauren Hayes,"0422 Martinez Road Suite 296
Lake David, AK 60483",free,001-482-763-5445,
21,bramirez@example.org,*FTCm5Ke8@,Whitney Stark,"5834 Travis Dam Suite 350
Cindybury, PW 01377",premium,(431)466-5711,
22,nicole00@example.com,i6HENu+n$1,Angela Salazar,"49832 Cunningham Shore Suite 579
North Julie, MO 86670",free,+1-327-395-4020,
23,lfox@example.net,li0KItGk^x,Mr. Ryan Sanchez,"2474 Mckinney Rapid Apt. 732
Farmermouth, AZ 97079",free,001-574-945-2094x207,
24,vwallace@example.com,8+cWbtW#(W,Autumn Robinson,"PSC 6384, Box 6144
APO AE 20250",free,167.107.6342x977,
25,justin39@example.org,Kb!0pEJhzr,Faith Cabrera,"25399 Brian Crossroad Suite 944
North Joshua, MP 49141",premium,568-477-7594,
26,jonesjose@example.net,KKb8MLhw^H,Charles Wolfe,"9884 Susan Point Apt. 056
Nortonshire, AS 30502",free,111-367-1970,
27,david32@example.org,3pVq03Am+Z,Kenneth Kent,"194 Barron Valley Apt. 002
Colontown, MN 44395",free,+1-226-852-5237,
28,scallahan@example.net,(O@JiChit1,Melanie Johnson,"119 Jason Row Suite 201
Lake Michaelchester, OK 91550",free,(215)271-2501x4442,
29,audreyburton@example.net,V874GIDd7#,Lisa Johnston,"51124 Sandra Street Apt. 366
Port James, NC 37270",premium,001-367-804-6914,
30,jenkinscynthia@example.com,@8@KPxnr(J,Jacob Hooper,"195 Bright Pass
South Beth, OK 07206",premium,(886)441-7347x030,
31,kelly59@example.net,l^4SDL+O@t,Alex Woodward,"6101 Rivera Road
Tammyville, IA 40217",premium,056-240-1147,
32,ericterry@example.com,^U6ZVNyjD(,Caleb Clark,"67253 John Canyon
South Thomasside, IA 56116",free,264-546-6984x9763,
33,igarza@example.net,+7DzLfny8b,Taylor Johnson,"152 Garcia Mission
Lake Thomas, WY 63283",premium,001-274-219-2244x415,
34,michael76@example.org,X+(eyPB5Ic,Brian Green,"293 Bell Greens Suite 229
Rodriguezbury, PA 45756",free,031-958-0497,
35,gburns@example.com,^b9Jho^y2y,Matthew Bell,"47363 Riley Burg Suite 060
Lake Brandonchester, RI 39922",free,(124)339-5200x03107,
36,dpearson@example.com,4IVTBlOb#F,Jonathan Williams,"616 Pope Cape
Bradleystad, SD 88877",premium,438-562-3889,
37,douglas70@example.net,&n0x@hHc68,William Gonzalez,"081 Jason Prairie
Claytonville, CT 24182",free,(763)089-9697,
38,anthonyruiz@example.org,64LgS6#5+8,Nicholas Massey,"337 Ross Center
Rosalesbury, DC 52119",premium,(698)812-9259,
39,mcdanielchristopher@example.net,Qjl2e@Xh_I,Caroline Chambers,"33126 Fisher Rest Apt. 808
Moorefort, WA 75588",premium,(965)966-4366,
40,csmith@example.org,!@2xChr8ID,Amy Lowe,"6977 Rivera Route
Port Caleb, VI 70581",premium,001-683-710-9780,
41,keymorgan@example.net,3i$lX6es)g,Gloria King,"438 Nelson Turnpike Suite 553
West Kevinville, IA 54057",premium,557-949-8101x42431,
42,jessica32@example.net,Fx#c5Vgl2H,Jessica Thompson,"USNS Stewart
FPO AA 61426",premium,930-464-1890,
43,james67@example.net,UdPbiM1m^9,Jason Carroll,"8561 Gonzales Court
Lake David, NC 35451",free,2316299513,
44,patrick56@example.net,%QJo7d@Wp6,Emily Howard,"3092 Robert Isle Suite 604
Stanleyshire, OR 02359",premium,791.838.7279,
45,thernandez@example.org,7#a@t5zx5T,Danielle Castro,"PSC 0298, Box 3256
APO AE 66776",premium,(321)478-0636x792,
46,david27@example.com,@REYu2f1@0,Patrick Rogers,"14293 Dennis Stravenue Apt. 744
South Stevenburgh, AZ 22408",free,001-608-083-8950x21813,
47,fsimmons@example.com,#Z!P0NttXe,Douglas Allen,"651 Johnson Springs
Lebury, KS 49918",free,001-265-316-3237x964,
48,lauragonzales@example.org,s*9+*7KWJi,Heather Roberts,"2318 Alexandra Road Suite 543
West Susanview, MH 11854",premium,(244)653-3362x643,
49,bullockarthur@example.net,@pXJ8(Enl2,Travis Schultz,"70754 Strong Camp
Port Ethan, WA 93954",free,(055)904-3720,
50,pittsmichael@example.net,&BZ&HUp$I6,Michelle Hughes,"PSC 3498, Box 9003
APO AE 75516",free,001-283-576-3822x789,
51,jesseevans@example.org,s(4%nq_m)N,Matthew Smith,"7944 Gamble Curve Apt. 781
East Frankchester, IL 71152",premium,(090)620-3963,
52,kelsey56@example.com,H4I$jg!9%n,George Allen,"548 April Circles Suite 196
Tylerville, VA 60222",free,068.814.7057x0722,
53,welchzachary@example.net,U5F6CNEk!G,Jamie Hutchinson,"2680 Simmons Haven
North Terri, OK 58631",premium,001-957-501-3901x643,
54,fcarpenter@example.com,nP_^+2UmQ$,Jennifer Morales,"380 Sean Stream Suite 288
Lake Jamesport, OH 27504",free,535-786-8336,
55,rlewis@example.org,Dj#OyDq6^9,Jennifer Bates,"462 James Hills Apt. 740
South Samueltown, UT 22326",free,770-730-3349,
56,williamsmichael@example.com,yU!8DQhdJm,Jeremy Green,"3468 Cunningham Stream Apt. 530
Baxterfurt, KY 43676",premium,217.966.2001x17911,
57,taylorkristin@example.net,z079rQtvz!,Joseph Freeman,"Unit 8399 Box 9073
DPO AE 37328",free,654.098.9788,
58,tarasanders@example.org,iq_55N5s5),Nicole Henson,"3013 Sanders Roads
East Christinaport, SD 06335",free,001-515-404-0065x0795,
59,mlee@example.org,Bei9RU(uN^,Eric Owens PhD,"6195 Elizabeth Lakes Apt. 990
West Donnaborough, ME 38405",premium,(328)992-4772,
60,nortonmarcus@example.com,G7EIG$wj(T,Robin Lopez,"96373 Underwood Springs
Stoneburgh, FL 01073",free,421.321.4775,
61,jonathan80@example.org,vqGp5%Vx&T,Miss Angela Swanson DVM,"5219 Gibson Fields
Byrdchester, AR 21162",premium,+1-023-530-0429x0745,
62,christopher85@example.org,^3kVzpVCgc,Michael Stewart,"469 Diana Park Apt. 747
Sharonland, SD 40900",premium,001-164-565-6553,
63,johndaniel@example.com,&V1XjvuRp!,Mitchell Smith,"5727 Brown Rue Apt. 928
Dianaburgh, VA 01057",premium,473.004.5299x74630,
64,zachary64@example.com,#Ag8^Hbi2q,Kelsey Davis,"742 Margaret Mews Suite 460
North Johnland, AZ 49707",premium,(842)649-4051,
65,monica30@example.com,_sYpqkx!_2,Matthew Russo,"40279 Carl Glen
South Kathleen, GA 28948",free,001-558-593-8340,
66,smithtyler@example.com,P#bL7Rvb8e,William Garcia,"007 Rivera Rue
North Nancyton, MH 07864",free,258.394.5365x86556,
67,starkrobert@example.com,4S^F8tSjet,Jennifer Miller,"0741 Christopher Stream Suite 838
New Zachary, ME 69135",premium,(438)141-5728x7814,
68,falexander@example.org,ygGyF$nG+8,Jesse Sparks,"1146 Romero Pines
North Nathan, MO 16295",premium,214.580.5802,
69,coreycannon@example.com,%93Oz*HPMq,Brandi Meyer,"68094 Young Brook
North Andrewmouth, DE 83121",premium,(719)363-4009x589,
70,scottjones@example.com,32O26PCrQ&,Hannah Wiggins,"4701 Hall Groves
East Amystad, MN 35533",premium,+1-450-890-9637x74260,
71,lwilliams@example.org,D_kd923anZ,Albert Williams,"PSC 0164, Box 5402
APO AA 44469",premium,361.141.5261,
72,rrobinson@example.com,_v4MbXkFX&,Kristin Potts,"5812 Dana Fort
West Stephaniehaven, WV 50167",premium,312-338-5183,
73,virginia18@example.com,4Fc(Ecqs*2,Susan Williams,"79937 Robin Flat Suite 955
Port Pennyville, MD 51493",free,+1-438-341-3973x19509,
74,jenniferwaters@example.net,Y+7WDVCj#(,Meredith Rios,"56684 Laura Cliff
Robersonburgh, ID 06877",free,230-879-8593x6295,
75,qherrera@example.com,M&FuJ6$y#0,Stephanie Bowman,"119 Michael Expressway Suite 765
Sarahport, MD 56543",premium,001-882-713-7579x64207,
76,allenmendez@example.net,)u2jHOv54&,Joshua Clark,"272 Fernandez Roads Suite 510
Lake Michael, TN 27172",premium,019-058-7697x130,
77,thompsonrobert@example.org,@4JTonLD6I,Alexa Hernandez,"9017 Allen Mountains Apt. 313
Lake Tabitha, PW 78925",free,(645)895-2521x514,
78,nichole08@example.net,3)q2HQqeea,Richard Higgins,"44059 Melvin Loop Apt. 682
Alvarezside, TN 85023",free,(615)926-8445x290,
79,htrevino@example.com,ZsAFLGHz*4,Marc Williams,"17703 Emily Lane Apt. 627
Ashleytown, VI 70138",free,371-534-7263,
80,david95@example.org,$G72Ai)Ow0,William Roberts,"92727 Alex Trafficway
New Thomasfort, MS 35629",free,+1-887-272-7785,
81,jeffrey31@example.net,KB+2I1VaEf,Joshua Carter,"9981 Barbara Run Apt. 777
Rogerton, AZ 96563",free,+1-980-321-5676x98609,
82,emily35@example.net,&6l)LlsGNH,David Williams,"USNV Reyes
FPO AE 79949",premium,224-292-7195x99389,
83,kmitchell@example.org,QTc!J&hi)2,Joseph Jones,"532 Ferguson Squares
South Monica, RI 14378",free,(529)897-8166x4579,
84,tranmark@example.net,*#7M(jraXg,Gary Perry,"Unit 4631 Box 9562
DPO AP 54393",premium,+1-567-127-7723x21529,
85,burnettnatalie@example.org,sdK#2GOi&i,Terry Wells,"46556 Meyers Trace Suite 403
Richardsonland, MD 02163",free,298.733.8672x09844,
86,williamjones@example.org,n1_!9Q5rBY,Vanessa Cooper,"96365 Andre Roads Suite 134
East Ernestshire, UT 57455",free,107.460.4708x77985,
87,shudson@example.org,ZFY39OkLQ#,Michael Simmons,"38702 Davidson Circles Apt. 474
New Stacey, DC 82859",premium,+1-768-490-1133x3458,
88,jessicacabrera@example.com,IMwKBTpz(2,Nicholas Kline,"2256 Bell Orchard Suite 297
West Kathy, SD 57821",premium,(863)381-0502,
89,charlotte27@example.org,a1DtN9ir$L,Lori Bennett,"5057 Davidson Mill Apt. 184
Cindymouth, FM 86347",premium,670-259-1426x6775,
90,foxmichael@example.com,Ij5Z5NMuK@,Margaret Jones,"7680 Weaver Route
West Kimtown, OR 62149",free,001-923-559-2966x5586,
91,alexander38@example.net,+Am9jJpwAc,Paul Brown,"USCGC Robinson
FPO AP 08227",premium,(714)630-8734,
92,donnasimpson@example.net,mO)*5#Efaz,James Stone,"Unit 8839 Box 8318
DPO AA 15966",premium,0490093855,
93,tpayne@example.org,%8*(mBlf#m,John Richards,"5072 Carla Union Suite 474
West Fernando, ID 64817",free,(189)402-0185x194,
94,derrick63@example.com,_SHqJ$uo94,Jenny Richardson,"5395 Bryan Lights
Port Jamie, RI 79613",premium,(593)906-8566,
95,patrick03@example.org,@1S*eWae_O,Debbie Waters MD,"74911 Robinson Center Suite 174
Travisview, IN 89189",free,+1-671-807-4151x75866,
96,jessica35@example.com,gJ)YwEl&(1,Austin Boyer,"565 Amanda Trail
New Thomas, PR 77352",free,890-266-5009,
97,jordanpowers@example.com,&%3SgvPw!7,Stephanie Hayes,"8221 Clayton Cape Apt. 856
Stephanieville, UT 97658",premium,(527)497-5415,
98,kellyamber@example.net,87+$7VheYP,Barbara Sanders,"38606 Lawrence Points Apt. 115
Patelborough, NM 61043",premium,(707)645-3053,
99,michaelhenry@example.org,$EH*TuvE15,Andrew Gould,"875 Mary Stream Apt. 557
New Joshua, CA 59698",premium,+1-813-642-0695x972,
100,allenalexander@example.net,yf4ZBx4z#p,Charles Gonzalez,"482 Brittany Springs Apt. 827
North Lindseystad, WV 44516",premium,001-643-845-9569,
101,carl05@example.net,2TVFmcp#_1,Joshua Hernandez,"67998 Tammy Rapids
Mccartytown, MA 71081",premium,+1-961-630-3758x383,
102,ntaylor@example.com,$r0SLUrmFj,Victoria Hernandez MD,"95092 Bates Falls Suite 736
Courtneyside, GU 02279",premium,731.224.5209x9862,
103,tthomas@example.org,gZ*3YuXvq1,Sherry Simpson,"737 Knight Tunnel Suite 667
East Timothy, WI 25661",premium,(704)754-6968x1674,
104,jessica66@example.org,t1th*+Wf%J,Erica Jimenez,"12831 Melanie Field
East Nicholasville, MT 44462",premium,064.979.9765,
105,imacdonald@example.net,%iW@vQKJ9i,Mr. Dakota Lynch II,"701 James Cove
New Shellyland, RI 10891",premium,001-592-549-7283x4172,
106,kmalone@example.org,%GRAQpgsU0,Victor Nolan,"7982 Huerta Hill
West Joshua, DC 96447",premium,125-879-0892x634,
107,kfinley@example.org,*kL)6CKh%j,Amanda Hernandez,"3329 Wells Circle
New Kylie, LA 13398",free,9505513186,
108,christystanley@example.net,+3HYs*sb_v,Richard Kirby,"23413 Barbara Lane Suite 734
Lake Michaelchester, MA 81001",premium,6943281583,
109,christopheryoung@example.org,YeT^8BMFC),Michelle Roman,"99773 Gordon Glen
North Sarah, MP 98995",free,001-386-260-4410x744,
110,sonyafrye@example.org,N#30VNyr_l,Bradley Melton,"PSC 8406, Box 5333
APO AA 02812",premium,001-506-090-3902x13866,
111,jennifersimmons@example.net,9#70yKll*V,Danny Williams,"13591 Nelson Flats
South Shannon, IN 77563",premium,001-511-351-2283x789,
112,oliverstephen@example.org,vb5(FCCi_a,Ryan Rivera,"159 Charles Green
Whiteheadborough, DC 14729",premium,+1-169-838-5486x719,
113,kinglinda@example.net,s$*G1MWe%q,Charles Douglas,"4012 Stephenson Greens
North Daniel, ID 81599",premium,6154800521,
114,cjohnson@example.com,4@9nSRdiYZ,Kathy Santana,"73797 Michelle Manors
North Robert, AS 75349",premium,580.583.9351,
115,howardemily@example.com,c$8YCJkll_,Laura Gregory,"658 Michelle Ford
Jeremyfort, GU 84207",premium,+1-101-576-6755x02718,
116,williammartin@example.com,74B2NBOD#d,Norma Mooney,"PSC 6970, Box 8535
APO AE 04234",free,265-076-9257x73599,
117,joseph76@example.org,2Sn90FiRX_,Susan Harris,"89649 Jeffrey Brook Suite 137
Brittanyport, AL 92706",premium,001-093-813-1926x73499,
118,alyssa48@example.com,f^y7Eqopi(,Linda Petersen,"109 Rachel Causeway Apt. 104
Jessicaland, GU 10999",premium,070-020-7236,
119,mejiaashley@example.com,_sEYaRchI0,Dr. James Willis,"Unit 9905 Box 5997
DPO AE 70224",premium,(032)803-1280,
120,bryantjennifer@example.com,j%Zu+0NerD,Rebecca Sandoval,"649 John Keys Suite 263
Browntown, KY 79820",free,687.907.8640,
121,tyler04@example.net,RH(H48OztM,Christopher Hunter,"90643 Bill Fall Suite 923
Kennethfurt, NY 91811",premium,001-727-313-7056x16269,
122,kingerin@example.net,$2PPV1NNTg,Austin Heath,"44059 Good Underpass Suite 345
Joshuafurt, NM 15184",free,001-864-268-4816x1508,
123,wanda38@example.net,Z#2OSrg4WK,Elizabeth Russell,"23458 Lucas Squares Suite 387
Codyborough, RI 63107",premium,469.775.7883x0533,
124,paul43@example.org,1c830We*&@,Amy Davidson,"01386 Shaw Course
Phillipsfort, NH 08322",premium,466-442-0329x7388,
125,linda39@example.net,W9CeDp&8@5,Dustin Greer,"9728 Tina Causeway Suite 933
Lake Austin, DE 51105",premium,+1-770-987-0091x39183,
126,francisco25@example.net,km78Wcsm)_,Andrew Butler,"2967 Robert Fort Apt. 577
Lake Stephanieview, PA 17527",free,(694)234-9974,
127,richardsbrett@example.org,C+7A1UAt*P,Scott Love DDS,"38443 Stephen Place Suite 524
North Jamesstad, ND 23979",free,243-863-3082x495,
128,michael45@example.com,EVm&2Wrxa^,William Jenkins,"43806 Roberts Grove Apt. 009
East Pamela, AL 71193",free,430.891.7483,
129,kburke@example.org,x#q7oQxNQ%,Jasmine Williams,"229 Case Shoal Suite 948
Lake Jennifer, FM 89743",premium,5667856448,
130,ashleyramos@example.com,^4Zx(gfmeY,Christian Johnson,"22487 Griffin Fields
Jamiemouth, NJ 21911",premium,594-005-1659x7758,
131,frytimothy@example.net,#UN3gyfcj6,Lorraine Garcia,"4354 Gregory Squares Suite 676
New Brent, OK 68931",free,(206)931-2344,
132,julie31@example.net,3@$1ORQU%b,Hannah Reyes,"069 Anthony Ranch Suite 210
Martintown, VT 39722",premium,943.408.2395x593,
133,lramirez@example.net,^AURC8zmA4,Katherine Ibarra,"6533 Misty Mills
Edwardsmouth, ND 97090",premium,174.366.0606x1735,
134,bryanfowler@example.net,j9UOZ@$&&W,Julie Chen,"479 Derrick Hollow
Lake Vincent, WI 89535",free,2787680223,
135,davidcrystal@example.net,6GbMQjmW!I,Caleb Fleming,"57012 Elizabeth Harbor Apt. 325
Feliciabury, VI 99500",premium,101.800.8515x0378,
136,rfischer@example.com,3*2Bgk1g8S,Rachel Martinez,"387 Thompson Mountains
Harrismouth, ND 50872",free,934-403-7235,
137,alexander44@example.net,GyKNmuZQ&3,Rebecca Stark,"87694 Miller Trafficway
Lake Mary, NM 70406",free,+1-007-586-0080x2813,
138,veronica36@example.org,@(XFRkSj2F,Melanie Patrick,"87203 James Bypass Suite 574
Annettemouth, CO 40155",free,888.303.7020x2737,
139,bradyeric@example.net,_9%6Iy*oOn,Rachel Lopez,"795 Floyd Court
Lake Allenside, OK 48595",premium,586-979-3314,
140,cward@example.net,3h1GR6Kx%@,Jill Sherman,"18146 Carter Islands
Brownbury, KY 92150",premium,001-676-244-9403x3370,
141,zfields@example.org,gs%3QE_jgl,Richard Jones,"Unit 5650 Box 1105
DPO AP 18140",premium,651-705-7704,
142,coxtina@example.org,^9W7Cr*h(Y,Timothy Tucker,"493 Jacobson Forest Apt. 297
Montoyaberg, CO 35101",premium,001-432-984-4811,
143,crystalburton@example.com,B&$d7VK(Ht,Theresa Estrada,"5465 Crystal Brook Suite 251
East Allison, NJ 41266",premium,(681)594-4677x66641,
144,simonjohn@example.org,HgQ0jSab(_,Cindy Davis,"782 Miller Vista Apt. 768
Angelaton, GU 03245",free,(888)996-0526,
145,jacob61@example.net,r21a@+Pt&T,Stacy Chan,"233 Boyer Well Apt. 203
New Adamshire, DE 08835",free,001-840-500-0353x1303,
146,tyoung@example.com,+7Ju7e4kDf,Jennifer Torres,"23568 Miller Radial
West Dawnfurt, DE 67460",premium,+1-992-588-4617x2690,
147,rubiofrank@example.org,_i6OgZwgy1,Jeffery Knight,"44021 Benton Haven
South Diane, WV 25347",free,(297)500-4389x826,
148,rwalters@example.com,Wzr4KM)aT(,Taylor Perry,"16279 Johns Square
Port Aaron, MH 12796",premium,+1-797-335-7958x684,
149,xmacias@example.com,$uKMYG+t!6,Raymond Navarro,"59018 Lara Green
Ronaldfurt, UT 01053",premium,(447)910-0468x63069,
