,idTransaksi,idPengguna,harga,tanggal
0,1,jacob61@example.net,39784,1972-11-22 14:23:18
1,2,alexander38@example.net,85480,1976-07-03 09:53:26
2,3,scott54@example.com,28145,1971-04-27 21:09:06
3,4,tpayne@example.org,60032,1979-10-16 14:58:06
4,5,david27@example.com,29387,2017-08-25 02:57:41
5,6,shudson@example.org,47493,2005-01-15 18:59:27
6,7,falexander@example.org,67725,2022-05-23 11:45:15
7,8,paul43@example.org,68814,2008-05-20 08:35:58
8,9,wanda38@example.net,98038,2021-05-19 03:24:26
9,10,kfinley@example.org,14505,1986-01-21 19:14:15
10,11,kenneth85@example.org,87676,1981-05-12 01:34:45
11,12,nortonmarcus@example.com,62672,1998-05-06 07:09:35
12,13,kingerin@example.net,98038,2021-04-16 03:30:49
13,14,jessicacabrera@example.com,11599,2002-04-07 03:10:57
14,15,keymorgan@example.net,51843,2006-02-15 06:24:40
15,16,clementslaura@example.com,29387,2017-10-25 05:49:37
16,17,bryanfowler@example.net,20044,1987-01-12 08:11:25
17,18,jessica32@example.net,42434,1989-08-24 04:18:58
18,19,kellyamber@example.net,90728,1988-06-14 19:53:23
19,20,virginia18@example.com,25781,1997-06-20 00:27:02
20,21,rwalters@example.com,51470,1987-08-19 00:41:53
21,22,fcarpenter@example.com,62551,1999-02-16 17:21:51
22,23,aevans@example.net,60032,1979-12-16 01:32:14
23,24,williammartin@example.com,75093,2021-11-09 13:58:56
24,25,patrick56@example.net,28145,1971-04-22 02:57:55
25,26,kinglinda@example.net,72610,2004-02-04 17:32:28
26,27,david95@example.org,85480,1976-05-31 12:28:20
27,28,kmitchell@example.org,44544,2019-08-03 17:01:28
28,29,sonyafrye@example.org,20044,1986-12-10 00:07:47
29,30,dpearson@example.com,60032,1980-05-11 05:57:57
30,31,frytimothy@example.net,80765,1997-11-14 00:44:18
31,32,christopheryoung@example.org,12702,2016-07-07 21:13:42
32,33,allenalexander@example.net,61117,1972-02-11 16:32:10
33,34,derrick63@example.com,2344,1983-09-08 09:25:50
34,35,jordanpowers@example.com,5514,2005-08-11 13:32:15
35,36,qherrera@example.com,48970,1981-10-18 13:43:21
36,37,jonathan80@example.org,80874,2009-06-20 12:09:58
37,38,monica30@example.com,35754,1970-03-31 00:42:04
38,39,alexander44@example.net,47493,2004-11-11 03:47:55
39,40,patrick03@example.org,46744,1985-08-22 12:59:48
40,41,nortonmarcus@example.com,83826,2007-06-15 14:40:08
41,42,williamjones@example.org,51470,1987-07-16 04:45:40
42,43,douglas70@example.net,96053,2022-12-30 01:33:10
43,44,emily35@example.net,12290,2022-07-24 09:30:26
44,45,christopher85@example.org,11599,2002-08-27 15:02:03
45,46,monica30@example.com,81181,2016-04-23 17:35:09
46,47,cward@example.net,50899,2012-12-13 08:07:51
47,48,alexander44@example.net,77293,2013-04-22 00:14:00
48,49,audreyburton@example.net,84408,1977-08-19 21:46:51
49,50,cjohnson@example.com,60121,2011-07-05 14:11:17
50,51,kelsey56@example.com,36333,2017-03-13 20:34:40
51,52,alexander38@example.net,69961,2014-11-08 19:22:23
52,53,johndaniel@example.com,24437,2000-02-02 01:35:56
53,54,nicole00@example.com,87748,1984-04-13 14:11:11
54,55,veronica36@example.org,31950,2012-11-03 03:11:22
55,56,richardsbrett@example.org,57534,1999-07-25 14:42:23
56,57,welchzachary@example.net,12151,2003-12-14 06:29:19
57,58,michaelhenry@example.org,66510,2011-01-17 10:09:16
58,59,coreycannon@example.com,23569,2009-04-23 16:32:23
59,60,jesseevans@example.org,11599,2002-12-11 17:54:10
60,61,foxmichael@example.com,25781,1997-03-11 13:13:30
61,62,jessica66@example.org,42835,2012-01-12 05:33:04
62,63,longjacqueline@example.org,44544,2019-05-17 02:35:06
63,64,bullockarthur@example.net,33665,2020-08-13 00:21:39
64,65,pittsmichael@example.net,68151,1988-12-24 22:16:36
65,66,coxtina@example.org,92407,1994-01-20 01:02:18
66,67,joseph76@example.org,45450,2001-04-30 10:57:43
67,68,owolf@example.net,14505,1985-10-06 14:11:53
68,69,zachary64@example.com,35370,1985-07-20 09:03:08
69,70,michael45@example.com,99239,1977-06-27 01:20:25
70,71,paul43@example.org,44544,2019-08-09 00:01:36
71,72,david95@example.org,2181,2010-05-20 09:04:06
72,73,lhebert@example.com,24437,1999-11-04 03:01:41
73,74,michaelwelch@example.org,18640,1982-12-06 16:19:12
74,75,burnettnatalie@example.org,30007,2007-01-08 05:40:17
75,76,csmith@example.org,68151,1989-02-10 03:27:26
76,77,crystalburton@example.com,48970,1981-11-25 04:03:58
77,78,oliverstephen@example.org,12290,2022-09-01 23:14:12
78,79,htrevino@example.com,11085,2008-11-21 02:26:58
79,80,kmalone@example.org,20044,1986-09-08 16:43:04
80,81,patrick03@example.org,18513,2016-08-26 00:37:10
81,82,williamsmichael@example.com,92407,1994-02-12 14:16:02
82,83,owolf@example.net,20423,1998-02-23 04:29:15
83,84,lfox@example.net,74474,2014-05-13 10:41:36
84,85,kburke@example.org,61117,1972-09-01 08:36:53
85,86,robert02@example.net,58043,1990-01-25 09:13:34
86,87,xmacias@example.com,20052,1970-07-25 18:30:16
87,88,tranmark@example.net,60796,1973-11-20 20:07:53
88,89,vwallace@example.com,32967,1974-07-21 01:11:15
89,90,simonjohn@example.org,56819,1988-03-20 17:44:02
90,91,longjacqueline@example.org,69961,2014-06-29 02:53:59
91,92,vwallace@example.com,23569,2009-04-14 08:58:44
92,93,lfox@example.net,5109,2001-10-23 22:23:38
93,94,ericterry@example.com,69612,1986-07-08 04:13:19
94,95,rubiofrank@example.org,33737,1975-05-06 23:20:08
95,96,davidcrystal@example.net,48970,1982-01-30 11:06:00
96,97,lwilliams@example.org,68151,1988-10-27 02:27:23
97,98,csmith@example.org,12290,2022-07-09 16:38:50
98,99,fsimmons@example.com,11599,2002-05-08 16:24:19
99,100,taylorkristin@example.net,72093,1994-06-09 13:54:15
100,101,gburns@example.com,87748,1984-02-15 18:44:56
101,102,igarza@example.net,50899,2012-11-30 16:54:37
102,103,tarasanders@example.org,77913,1990-07-14 23:51:52
103,104,smithtyler@example.com,25781,1997-06-26 03:03:30
104,105,francisco25@example.net,12267,1974-07-04 23:13:06
105,106,thompsonrobert@example.org,96053,2022-12-30 23:22:51
106,107,coreycannon@example.com,14505,1985-11-20 18:35:32
107,108,owolf@example.net,12151,2003-08-31 01:47:27
108,109,michael76@example.org,60032,1980-07-07 18:05:44
109,110,david27@example.com,32967,1974-08-19 06:55:20
110,111,robert02@example.net,74474,2014-04-14 21:00:59
111,112,charlotte27@example.org,33737,1975-02-25 16:51:47
112,113,kingerin@example.net,33737,1975-05-06 14:47:03
113,114,coreycannon@example.com,2181,2009-12-13 20:20:10
114,115,lwilliams@example.org,6943,1994-07-21 04:42:20
115,116,garciabeverly@example.org,92407,1993-11-22 03:50:15
116,117,welchzachary@example.net,47167,1985-04-16 05:42:15
117,118,kenneth85@example.org,12151,2003-09-16 07:41:45
118,119,ericterry@example.com,85480,1975-08-28 17:25:07
119,120,paul43@example.org,69612,1986-06-09 15:29:09
120,121,scott54@example.com,12290,2022-07-29 12:28:34
121,122,jeffrey31@example.net,33737,1975-02-23 19:47:24
122,123,patrick56@example.net,14505,1985-11-30 21:49:07
123,124,jeffrey31@example.net,27186,1978-08-25 05:32:30
124,125,mlee@example.org,69728,2001-08-07 19:23:08
125,126,scottjones@example.com,11599,2003-03-04 23:31:46
126,127,lauragonzales@example.org,68151,1989-01-09 04:29:39
127,128,justin39@example.org,55961,1992-07-08 01:48:41
128,129,linda39@example.net,42434,1989-07-08 00:14:08
129,130,foxmichael@example.com,62672,1998-05-21 10:40:36
130,131,rrobinson@example.com,85480,1976-02-23 22:01:49
131,132,rlewis@example.org,18640,1982-10-29 13:13:00
132,133,zfields@example.org,45450,2001-06-03 20:56:34
133,134,sfischer@example.org,29387,2018-03-18 02:53:49
134,135,jessica35@example.com,77293,2013-04-12 22:03:09
135,136,vwallace@example.com,11599,2002-01-20 15:15:50
136,137,julie31@example.net,62672,1998-05-29 21:04:49
137,138,joseph76@example.org,60121,2011-09-21 14:56:30
138,139,christystanley@example.net,61117,1972-05-10 06:33:10
139,140,alexander44@example.net,24437,2000-02-12 12:22:23
140,141,thernandez@example.org,62672,1998-08-20 14:14:35
141,142,amontgomery@example.org,51325,1979-03-18 12:25:20
142,143,starkrobert@example.com,33665,2020-03-30 12:55:27
143,144,kmitchell@example.org,55961,1992-04-03 22:44:22
144,145,frytimothy@example.net,39562,2000-04-28 00:38:45
145,146,michaelhenry@example.org,20044,1987-04-23 01:43:51
146,147,cward@example.net,2181,2010-07-14 14:53:08
147,148,veronica36@example.org,18640,1983-01-03 08:26:34
148,149,anthonyruiz@example.org,85480,1976-04-15 00:17:49
149,150,wrightcynthia@example.net,27186,1978-10-01 07:29:06
150,151,nichole08@example.net,60796,1973-08-15 19:40:23
151,152,julie31@example.net,19384,2015-12-23 20:10:24
152,153,kmalone@example.org,62551,1998-12-16 19:01:42
153,154,mejiaashley@example.com,23569,2009-03-17 18:45:57
154,155,allenalexander@example.net,14505,1986-01-16 15:32:08
155,156,vwallace@example.com,62672,1998-05-27 09:18:12
156,157,ntaylor@example.com,2344,1983-11-25 09:08:59
157,158,kelly59@example.net,74474,2014-04-29 22:30:05
158,159,mejiaashley@example.com,19384,2015-11-05 21:29:37
159,160,wrightcynthia@example.net,47167,1985-06-18 15:53:25
160,161,mlee@example.org,11599,2001-11-30 10:53:53
161,162,vwallace@example.com,53861,1995-12-03 04:09:15
162,163,jessica66@example.org,2382,2011-04-14 02:34:25
163,164,cward@example.net,33635,2016-12-01 01:10:40
164,165,bryanfowler@example.net,23569,2009-03-11 11:02:56
165,166,rlewis@example.org,18513,2016-09-19 16:38:30
166,167,lfox@example.net,21251,2018-10-13 07:03:56
167,168,justin39@example.org,51470,1987-06-30 14:53:04
168,169,igarza@example.net,35754,1970-04-02 22:57:40
169,170,cward@example.net,7836,1973-01-18 04:04:49
170,171,lramirez@example.net,32896,1984-08-28 19:09:29
171,172,carl05@example.net,56819,1988-03-12 09:45:15
172,173,bryantjennifer@example.com,51325,1979-04-20 13:30:38
173,174,brittanyevans@example.com,69961,2014-08-26 19:32:27
174,175,jessicacabrera@example.com,90728,1988-05-12 00:30:45
175,176,wrightcynthia@example.net,47493,2005-05-01 00:07:48
176,177,oliverstephen@example.org,53349,1987-11-09 14:11:33
177,178,julie31@example.net,51325,1979-02-03 19:26:47
178,179,garciabeverly@example.org,11085,2008-11-12 14:00:10
179,180,nortonmarcus@example.com,48970,1982-02-25 13:16:42
180,181,bryantjennifer@example.com,66510,2010-11-07 16:37:41
181,182,scottjones@example.com,55961,1992-01-18 18:01:46
182,183,jenniferwaters@example.net,33635,2016-12-01 09:59:56
183,184,tranmark@example.net,55961,1992-05-26 18:18:20
184,185,allenmendez@example.net,87676,1981-06-06 01:45:49
185,186,kelly59@example.net,6943,1995-02-02 05:18:26
186,187,derrick63@example.com,12151,2003-05-09 00:43:53
187,188,tarasanders@example.org,77293,2012-12-19 13:01:42
188,189,jessica66@example.org,60121,2011-07-03 12:36:20
189,190,robert02@example.net,68151,1989-01-03 12:36:51
190,191,rrobinson@example.com,80874,2009-07-22 18:17:49
191,192,julie31@example.net,60121,2011-06-25 14:51:27
192,193,douglas70@example.net,31833,1995-03-19 17:19:53
193,194,ashleyramos@example.com,10795,2013-07-12 21:44:54
194,195,jeffrey31@example.net,58043,1989-12-08 10:00:52
195,196,rogerpotter@example.org,100883,2006-11-01 06:15:00
196,197,donnasimpson@example.net,29387,2017-12-09 13:47:26
197,198,jesseevans@example.org,19384,2015-07-25 05:59:31
198,199,lramirez@example.net,51843,2006-02-15 10:43:37
199,200,jessica35@example.com,44544,2019-04-01 16:51:49
